{
  "project_info": {
    "project_number": "532234127878",
    "firebase_url": "https://win-life.firebaseio.com",
    "project_id": "win-life",
    "storage_bucket": "win-life.appspot.com"
  },
  "client": [
    {
      "client_info": {
        "mobilesdk_app_id": "1:532234127878:android:d69b0b355df799377d1187",
        "android_client_info": {
          "package_name": "info.androidhive.firebase"
        }
      },
      "oauth_client": [
        {
          "client_id": "532234127878-jnepk4dv1e2ndiv5n1h02u6e3fm28hcl.apps.googleusercontent.com",
          "client_type": 3
        }
      ],
      "api_key": [
        {
          "current_key": "AIzaSyCq5R4FoRpgJJylu3_u0TMhaYCniiAGWWA"
        }
      ],
      "services": {
        "appinvite_service": {
          "other_platform_oauth_client": [
            {
              "client_id": "532234127878-jnepk4dv1e2ndiv5n1h02u6e3fm28hcl.apps.googleusercontent.com",
              "client_type": 3
            }
          ]
        }
      }
    }
  ],
  "configuration_version": "1"
}